USE theater_information_system;

INSERT INTO theater VALUES
(1,'Afeka Theater','Mivtza Kadesh St. 38, Tel Aviv','03-7688600');

INSERT INTO customer VALUES
(369874458,'Moshe','Levy'),
(325552848,'Eyal','Cohen'),
(205963141,'Ran','Shmuel'),
(200874014,'David','Yosef'),
(210663988,'Dan','Maimon'),
(240781002,'Ayelet','Hochman'),
(245602339,'Yoel','Pardo'),
(310398741,'Tova','Yaacov'),
(302589663,'Michal','Cohen'),
(258774110,'Omer','Barnea'),
(318598231,'Orel','Lavi'),
(298852220,'Dana','Yoffe'),
(204771485,'Eden','Halely'),
(369945220,'Ifat','Ariel'),
(205966961,'Guy','Oren'),
(319202015,'Tikva','Limony');

INSERT INTO customer_phone VALUES
(0548556933,369874458),
(0548556932,325552848),
(0548556454,325552848),
(0506998523,205963141),
(0523696654,200874014),
(0544588236,210663988),
(0547889632,240781002),
(0505523698,245602339),
(0522369885,310398741),
(0528856910,302589663),
(0528856922,302589663),
(0505998635,258774110),
(0522014447,318598231),
(0527852331,298852220),
(0544239888,204771485),
(0549090043,369945220),
(0549090044,369945220),
(0507521016,205966961),
(0502847715,319202015),
(0502841577,319202015);

INSERT INTO subscription_package VALUES
(801,460.90,3,4),
(802,990.00,12,12),
(803,529.30,6,5),
(804,1923.50,24,30);

INSERT INTO subscriptions VALUES
(369874458,801,'2023-3-3','2023-6-3',2,2),
(205963141,802,'2023-4-4','2024-4-4',0,12),
(210663988,802,'2023-5-20','2024-5-20',0,12),
(240781002,804,'2023-4-1','2025-4-1',0,30),
(245602339,803,'2023-2-12','2023-8-12',0,5),
(302589663,802,'2022-12-12','2023-12-12',0,12),
(258774110,801,'2023-4-30','2023-7-30',1,3),
(369945220,804,'2021-10-25','2023-10-25',0,30),
(319202015,803,'2023-1-28','2023-6-28',2,3);

INSERT INTO shows VALUES
(301,'The Engineering Symphony','Musical','02:30',260.00),
(302,'Debugging Follies','Comedy','01:30',125.00),
(303,'The Algorithmic Conflict','Drama','03:00',300.00),
(304,'The Broken Algorithm','Tragedy','02:45',205.00),
(305,'Digital Pas de Deux','Ballet','04:00',495.00),
(306,'Bits and Beats','Musical','01:40',150.00),
(307,'Code Comedy Club','Comedy','01:00',95.00),
(308,'Binary Secrets','Drama','02:00',350.00),
(309,'Romeo and Julia: A Programming Love Story','Musical','01:30',250.00),
(310,'Tragic Debugging','Tragedy','02:30',135.00),
(311,'Virtual Swan Lake','Ballet','03:30',500.00),
(312,'Robotic Serenade','Opera','04:45',280.00);

INSERT INTO hall VALUES
(101,'Ficus Hall',1,30),
(102,'HaKiriya Hall',1,20),
(103,'Mapat Hall',1,10);

INSERT INTO schedule VALUES
(401,1,301,'2023-06-01 21:00',101,2),
(402,1,308,'2023-06-01 20:30',102,0),
(403,1,304,'2023-06-02 20:30',101,7), 
(404,1,305,'2023-06-02 20:30',103,0),
(405,1,311,'2023-06-03 18:30',102,2),
(406,1,310,'2023-06-03 21:30',102,0),
(407,1,302,'2023-06-04 21:00',103,0),
(408,1,307,'2023-06-05 13:30',101,0),
(409,1,309,'2023-06-05 20:30',101,0),
(410,1,303,'2023-06-05 21:30',103,0),
(411,1,306,'2023-06-06 18:00',102,0),
(412,1,309,'2023-06-06 20:30',102,0),
(413,1,312,'2023-06-06 21:00',102,0),
(414,1,312,'2023-06-07 20:30',103,0),
(415,1,305,'2023-06-08 20:30',102,0),
(416,1,308,'2023-06-08 20:30',101,0),
(417,1,306,'2023-06-09 20:30',102,0),
(418,1,311,'2023-06-10 19:00',101,0),
(419,1,303,'2023-06-11 20:30',103,0),
(420,1,302,'2023-06-11 20:00',102,0),
(421,1,304,'2023-06-14 21:00',101,0),
(422,1,301,'2023-06-16 20:30',103,0);

INSERT INTO seat VALUES
(201,1,1,'hall',101),
(202,2,1,'hall',101),
(203,3,1,'hall',101),
(204,4,1,'hall',101),
(205,5,1,'hall',101),
(206,6,1,'hall',101),
(207,7,1,'hall',101),
(208,8,1,'hall',101),
(209,9,1,'hall',101),
(210,10,1,'hall',101),
(211,1,2,'hall',101),
(212,2,2,'hall',101),
(213,3,2,'hall',101),
(214,4,2,'hall',101),
(215,5,2,'hall',101),
(216,6,2,'hall',101),
(217,7,2,'hall',101),
(218,8,2,'hall',101),
(219,9,2,'hall',101),
(220,10,2,'hall',101),
(221,1,3,'balcony',101),
(222,2,3,'balcony',101),
(223,3,3,'balcony',101),
(224,4,3,'balcony',101),
(225,5,3,'balcony',101),
(226,6,3,'balcony',101),
(227,7,3,'balcony',101),
(228,8,3,'balcony',101),
(229,9,3,'balcony',101),
(230,10,3,'balcony',101),
(231,1,1,'hall',102),
(232,2,1,'hall',102),
(233,3,1,'hall',102),
(234,4,1,'hall',102),
(235,5,1,'hall',102),
(236,1,2,'hall',102),
(237,2,2,'hall',102),
(238,3,2,'hall',102),
(239,4,2,'hall',102),
(240,5,2,'hall',102),
(241,1,3,'balcony',102),
(242,2,3,'balcony',102),
(243,3,3,'balcony',102),
(244,4,3,'balcony',102),
(245,5,3,'balcony',102),
(246,1,4,'balcony',102),
(247,2,4,'balcony',102),
(248,3,4,'balcony',102),
(249,4,4,'balcony',102),
(250,5,4,'balcony',102),
(251,1,1,'hall',103),
(252,2,1,'hall',103),
(253,3,1,'hall',103),
(254,4,1,'hall',103),
(255,5,1,'hall',103),
(256,1,2,'balcony',103),
(257,2,2,'balcony',103),
(258,3,2,'balcony',103),
(259,4,2,'balcony',103),
(260,5,2,'balcony',103);

INSERT INTO reservation VALUES
(501,0548556933,401,2),
(502,0548556932,403,6),
(503,0505998635,403,1),
(504,0502847715,405,2);

INSERT INTO tickets_in_reservation VALUES
(601,501,201),
(602,501,202),
(603,502,201),
(604,502,202),
(605,502,203),
(606,502,204),
(607,503,205),
(608,504,231),
(609,504,232);





